Слово,Ключ,,,,
профессора,,,,,
шкафу,на,,,,
макарон,,,,,
обгрызенное,,,,,
ножниц,,,,,
повара,,,,,
выздоровеет,,,,,
кочерёг,,,,,
туфель,,,,,
выправь,,,,,
полотенец,,,,едь,поезжай
выборы,,,,ихний,их
мокла,,,,жгёт,жжёт
падежей,,,,ихней,их
дёсны,,,,разожгёт,разожжёт
поезжайте,,,,,
обеих,в,,,,
директора,,,,,
обгрызенная,,,,,
дешевле,,,,,
аэропорте,об,,,,
абрикосов,,,,,
жёстче,,,,,
облаков,,,,,
ботинок,,,,,
проповедует,,,,,
яблок,,,,,
джинсов,,,,,
помидоров,,,,,
бухгалтеры,,,,,
пропуска,,,,,
озяб,,,,,
графику,согласно,,,,
боку,в,,,,
решению,благодаря,,,,
оденьтесь,,,,,
высохла,,,,,
чулок,,,,,
лягте,,,,,
шофёры,,,,,
лажу,,,,,
пояса,,,,,
грузин,,,,,
блюдец,,,,,
полощущий,,,,,
вишен,,,,,
тренеры,,,,,
парикмахеры,,,,,
возрасты,,,,,
прополощи,,,,,
мандаринов,,,,,
доктора,,,,,
критериев,,,,,
тарифу,согласно,,,,
попробуем,,,,,
вафель,,,,,
почерк,,,,,
длиннее,,,,,
попробует,,,,,
наиболее,,,,,
барышень,,,,,
кухонь,,,,,
варежек,,,,,
шкафу,в,,,,
серёг,,,,,
сотен,,,,разъехайтесь,разъезжайтесь
насмехаться,,,,ляжьте,лягте
титулы,,,,ляжь,ляг
положи,,,,ехай,поезжай
обрызенных,,,,,
сардин,,,,,
заморозков,,,,,
басен,,,,,
компьютеры,,,,,
ответ,,,,,
деревни,,,,,
детьми,с,,,,
носков,,,,,
каникул,,,,,
апельсинов,,,,,
поскользнуться,,,,,
богинь,,,,,
красивее,исп одно,,,,
посади,,,,,
сапог,,,,,
выздоровеешь,,,,,
погон,без,,,,
цыган,,,,зажгётся,зажжётся
солдат,,,,зажгёт,зажжёт
соболий,,,,поклади,положи
заезжай,,,,,
поезжай,,,,,
зажжётся,,,,,
зажжёт,,,,,
сосисок,,,,,
тетерева,,,,,
полощет,,,,,
клади,,,,,
окорока,,,,,
выкладывай,,,,,
аршин,,,,,
туфля,,,,,
приезде,по,,,,
положи,,,,,
тонн,,,,,
пополам,,,,напополам,пополам
положи,,,,зажгём,зажжём
жаждет,,,,подчерк,почерк
сотрёт,,,,,
шампунем,,,,,
сапог,,,,,
зажжём,,,,,
инженеры,,,,,
яслей,,,,,
яблонь,,,,,
повеселее,исп одно,,,,
лучший,,,,,
детьми,с,,,,
искомый,,,,,
паспорта,,,,,
промок,,,,,
цапель,,,,,
шофёры,,,,,
заглохший,,,,,
предупрежу,,,,,
плеч,,,,,
кастрюль,,,,,
ложись,,,,,
засохло,,,,,
консервов,,,,,
лжёте,,,,,
рождения,день/днём/дня,,,,
векторы,,,,,
именин,,,,,
конюхи,,,,,
выйди,,,,,
деревень,,,,,
снайперы,,,,,
лекторы,,,,,
изрешечённый,,,,,
звонче,,,,,
грунте,в,,,,
полисы,,,,,
контейнеры,,,,,
лжём,,,,,
полюсы,,,,,
вызовы,,,,,
печёт,,,,,
договоры,,,,,
наилучший,,,,,
марта,восьмым/восьмого,,,высохнул,высох
высох,,,,достигнули,достигли
колокола,,,,поклади,положи
достигли,,,,,
плещет,,,,,
человек,,,,,
комментариев,,,,,
ветру,на,,,,
мяукает,,,,,
положи,,,,,
недра,,,,,
лагеря,,,,,
благородства,,,,,
взгляни,,,,,
худший,,,,,
сердец,,,,,
свечей,со,,,,
поезжай,,,,ехай,поезжай
передайте,,,,заедь,заезжай
оладий,нет,,,туфлей,туфель
колышет,,,,стригёт,стрижёт
шорт,,,,,
строжайше,,,,,
дольше,,,,,
термосы,,,,,
возврата,,,,,
георгинов,,,,,
стрижёт,,,,,
млекопитающиеся,,,,,
легчайшее,,,,,
выздоровею,,,,,
выздоровеем,,,,,
выздоровеете,,,,,
выздоровеют,,,,,
выздоровеет,,,,,
времяпрепровождение,,,,,
клапаны,,,,,
ездит,,,,,
сладчайший,исп одно,,,,
шампуня,,,,,
приду,,,,прийду,приду
наидобрейший,,,,,
туфлю,,,,,
портите,,,,,
вольт,,,,,
сорта,,,,,
пришедший,,,,,
легчайшая,,,,,
обгрызенные,,,,,
загранпаспорта,,,,,
увядшие,,,,,
кушаний,,,,,
сумерек,из,,,,
глупейший,,,,,
цыган,,,,,
ущелий,,,,ущельев,ущелий
приобретший,,,,стерегёт,стережёт
платьев,,,,жгёшь,жжёшь
стережёт,,,,,
посуше,,,,,
дюма,,,,,
пламени,,,,,
попробуем,,,,,
времени,нет,,,,
торты,,,,,
ездите,не,,,,
ближайшая,,,,,
катера,,,,,
суп,,,,,
добрейший,,,,,
токари,,,,,
лопнувшие,,,,,
жжёшь,,,,,
его,,,,,
выговоры,,,,,
течёт,,,,текёт,течёт
побережий,,,,плечей,плеч
кладите,,,,,
прессы,,,,,
осетин,,,,,
лазайте,не,,,,
партизан,,,,,
нелепейший,,,,,
вкуснее,,,,,
абзацев,,,,,
плеч,с,,,,
кратчайший,,,,,
ярче,,,,,
испечём,,,,испекём,испечём
ей,навстречу,,,ложи,клади
поскользнулся,,,,езжай,поезжай
поезжай,,,,мелить,молоть
джемперы,,,,подожгёшь,подожжёшь
наивысшее,,,,недры,недра
звонче,,,,испекёт,испечёт
помашите,,,,взмокнул,взмок
молоть,,,,,
шампуня,,,,,
подожжёшь,,,,,
баклажанов,,,,,
башен,,,,,
свитеры,,,,,
наисложнейшая,,,,,
потолще,,,,,
скорейшего,,,,,
испечёт,,,,,
ляг,,,,,
спален,,,,,
взмок,,,,,
князья,,,,,
завидую,,,,,
озяб,,,,озябнул,озяб
гнездовий,,,,исчезнул,исчез
исчез,,,,,
повидлом,с,,,,
крошечный,домишко,,,,
умолк,,,,,
сплетен,,,,,
щупалец,,,,,
рояля,около,,,,
сбережёт,,,,,
чудеснейший,,,,,
ампер,,,,,
движет,им,,,,
испечёт,,,,испекёт,испечёт
бойче,,,,зажгёшь,зажжёшь
лезь,не,,,время,времени
аэропорту,в,,,,
сорта,,,,,
поместий,,,,,
зажжёшь,,,,,
времени,много,,,,
окрепший,,,,ложи,клади
лазит,,,,,
приведший,,,,,
клади,,,,,
кеглей,,,,,
крепчайшее,,,,,
джинсов,для,,,,
клади,,,,,
заморозков,нет,,,,
снегу,на,,,,
пустынь,,,,поедьте,поезжайте
тюля,из,,,ездийте,ездите
кресел,,,,,
мозолью,с,,,,
доньев,без,,,,
комментариев,без,,,,
крендели,,,,,
повидлом,с,,,,
иссяк,,,,,
баклажанов,из,,,,
поинтереснее,,,,,
клади,не,,,,
ездите,не,,,,
мягчайший,,,,,
трерлет,,,,,
улёгшийся,,,,,
положите,,,,положьте,положите
наилучшего,всего,,,,
будущее,,,,,
завидующий,,,,,
вмёрзший,,,,,
нелепейшая,,,,,
обретший,,,,,
сторожа,,,,,
глубже,,,,,
раздумий,,,,,
угрюмее,,,,,
положи,,,,,
ворот,у,,,,